time,ppg,eeg,annotations
0.0,0.04967141530112327,0.2099033154879003,
0.004,0.03307373684843882,0.4376112160740087,
0.008,0.158483533703669,0.5625280865048953,
0.012,0.2926610998841286,0.6320642081671763,
0.016,0.16333016626187907,0.9117993653582032,
0.02,0.20937887195083507,0.847796062834319,
0.024,0.43633721747837034,0.8281500037149107,
0.028,0.40027684431726424,0.6500187807451415,
0.032,0.32111654975563403,0.5655582491894956,
0.036,0.4661844711392216,0.20573878914884172,
0.04,0.4087074924362286,0.4057901267884937,
0.044,0.45077783145184397,0.20756480709622685,
0.048,0.5629559388019538,0.49367512810942027,
0.052,0.38787692767602844,0.09357761802076074,
0.056,0.4461262701377193,0.45320175714978544,
0.06,0.6007045114737122,0.17521359481686455,
0.064,0.5928046121537281,-0.055080773224605015,
0.068,0.7614463519565046,-0.18456355916156772,
0.072,0.6738759204844974,-0.3458832395894315,
0.076,0.6567741934800417,-0.41839805521967416,
0.08,0.9765153716120496,-0.5483718639171329,
0.084,0.8378922341414734,-0.7846930981702677,
0.088,0.8962729132495885,-0.6803393721270284,
0.092,0.7745875533383221,-0.2370233828711245,
0.096,0.8886234723792864,-0.10165554242213254,
0.1,0.978579433940327,-0.05210850000739006,
0.104,0.8752122452102438,0.1340415735784014,
0.108,1.0490817923049973,0.3518665167350257,
0.112,0.9710054828809339,0.5572510221153976,
0.116,1.019799398124547,0.35159508653247973,
0.12,1.005028756771456,0.41679990307607934,
0.124,1.2649823403791696,0.08646782867367081,
0.128,1.0912816504692318,0.24186746584573093,
0.132,0.9980601874698211,0.12526261658902899,
0.136,1.1956140223353746,-0.16495575769980203,
0.14,0.9991409689327688,0.07580810065079246,
0.144,1.148328111028097,-0.35601698103383955,
0.148,0.9360586089295384,-0.36100777371266646,
0.152,1.0021788597245702,-0.0594268038409592,
0.156,1.1560675084927392,0.1000918674606503,
0.16,1.2100516134778827,0.19427550502801896,
0.164,1.1516359249441463,-0.17947542856987198,
0.168,1.1197331160412505,-0.049408564749624906,
0.172,1.0965283367966419,-0.3465405338811651,
0.176,0.9727093152558759,-0.4935788446396463,
0.18,1.0411248425196749,-0.42296410839197485,
0.184,1.058263569364423,-0.47417758718987935,
0.188,1.1999762032715005,-0.7340785900628818,
0.192,1.1173308561068769,-0.10942631209914058,
0.196,0.8941907899840535,0.11691094213942771,
0.2,1.0893037995530805,0.09637689803260077,
0.204,1.0037183489552095,0.525578764670125,
0.208,0.9588533594808396,0.768263951484635,
0.212,1.0710784795511885,0.8788749215057416,
0.216,1.09548196782041,0.8027706632174755,
0.22,1.0671474890107835,0.7320857391378152,
0.224,0.8709625557047103,0.6988994034738728,
0.228,0.9041167852418566,0.7041182359194804,
0.232,0.9476687129951618,0.42833784884757786,
0.236,0.9910136373428527,0.13570293668352496,
0.24,0.8239324611387563,0.1979553883918779,
0.244,0.8312099706688284,-0.40372909634090254,
0.248,0.7166642156750244,0.17543986679409795,
0.252,0.68485462018963,-0.2640820785549973,
0.256,0.8626200569991788,-0.07791843796407844,
0.26,0.8936560390110702,-0.25015106598854736,
0.264,0.7273243700683031,-0.3854973078545767,
0.268,0.8112557135793587,-0.17267380755163525,
0.272,0.7233800030171131,-0.5983640632273608,
0.276,0.5990067464648728,-0.6507569318629828,
0.28,0.6759983770419448,-0.8398673311603999,
0.284,0.7700876458596444,-0.8137603122108202,
0.288,0.5892566843521709,-0.8282505729731191,
0.292,0.7260317466376736,-0.886608257170512,
0.296,0.28453392976273806,-0.3167682117374475,
0.3,0.6058902899239238,-0.26427479073322846,
0.304,0.5098817676707139,-0.14338452381627576,
0.308,0.4490708765239496,0.2666900904131383,
0.312,0.46628903068065847,0.7227337351103904,
0.316,0.23687054905299665,0.6995592802689161,
0.32,0.3925712858065984,0.5032152788537971,
0.324,0.4295777211718028,0.4152960940007586,
0.328,0.5214182048599445,0.2925190057734521,
0.332,0.30201282261539525,0.5227228872984442,
0.336,0.2536615639309235,0.16793310697426378,
0.34,0.2654746404646236,0.12281989576932209,
0.344,0.3888036216387323,0.21151539603594882,
0.348,0.3122275654038192,0.12891295047893137,
0.352,0.20894086900920658,0.10249521980808732,
0.356,0.29628000012273453,0.14269965422074166,
0.36,0.23816305138591476,0.14954972493060298,
0.364,0.3092785217763806,0.08689445287842015,
0.368,0.12661250271833724,0.08096120591192886,
0.372,0.1488862858464337,-0.1741921145838433,
0.376,0.1276906749138266,-0.22685942817297267,
0.38,0.006194371311571606,-0.46751387070586803,
0.384,0.16817654820528535,-0.49321869276482677,
0.388,0.15103981345460288,-0.7649534288856513,
0.392,0.11214142336726877,-0.19641266652191597,
0.396,0.07516632549976361,-0.07636778046847276,
0.4,-0.055646376310022366,0.2672585669374415,baseline_start
0.404,0.03133259597334265,-0.07365128879181276,
0.408,0.026841662994969664,0.8716201423800105,
0.412,-0.03122140263520877,0.6557477390646046,
0.416,0.02091491091687836,0.8648655200901084,
0.42,0.06559563514147584,0.47081129805362887,
0.424,0.20203149611342897,0.5739390329393492,
0.428,0.019133314514156535,0.13981880888423634,
0.432,0.01569823908286979,0.018415339949049606,
0.436,-0.029263943021370316,0.24447277576245544,
0.44,-0.22552434084738898,-0.17412933741196882,
0.444,-0.04822654413358917,-0.16019225569803963,
0.448,-0.051614365726666576,-0.06644563113088287,
0.452,0.17645678992816838,-0.10803371401973987,
0.456,-0.10153397694135864,-0.15536203062083043,
0.46,-0.06480558212181635,-0.15343686657341077,
0.464,-0.11135621796009916,0.07448826690281402,
0.468,-0.2379687622116489,-0.41676816144663303,
0.472,-0.020353121034862212,-0.5245781534856,
0.476,-0.07332067671520577,-0.5362728613096073,
0.48,-0.08365722620176665,-0.6229443650773584,
0.484,-0.26833518077111274,-0.6290113224821082,
0.488,-0.05216214674974054,-0.633295191518635,
0.492,-0.3480982269079975,-0.725034267926443,
0.496,-0.16514022500185221,-0.05390143379192924,
0.5,-0.021146816283670627,-0.17195180895280468,
0.504,-0.35607583522898556,0.3443114834229458,
0.508,-0.33095222614135084,0.44044215351396476,
0.512,-0.28213225957361077,0.7194839728340641,
0.516,-0.36069601176392624,0.8563802298616869,
0.52,-0.4841404525229758,0.8369768373385976,
0.524,-0.3414136361922277,0.7571591338460449,
0.528,-0.47415884565085975,0.7967997008516414,
0.532,-0.34068002534382347,0.4761554871186914,
0.536,-0.5005312455391255,0.24940057558932935,
0.54,-0.2745671683911765,0.35279409218659874,
0.544,-0.5292604091850315,0.35634543973106286,
0.548,-0.5048958378774155,-0.0017551750549181233,
0.552,-0.41344719052525003,0.28656580121167463,
0.556,-0.6403207529109887,0.29798309802163286,
0.56,-0.517218618825724,0.10089245179346876,
0.564,-0.43224141282762313,0.24898794931430665,
0.568,-0.7469190588527276,-0.134489022108295,
0.572,-0.5911069276185825,-0.2789946753395486,
0.576,-0.6071241772513672,-0.5079837208225382,
0.58,-0.578570497654423,-0.6244603299852365,
0.584,-0.8041396956287479,-0.8630793606137609,
0.588,-0.8361848012079259,-0.8926938156770267,
0.592,-0.675591315796989,-0.3191881771791619,
0.596,-0.7216324219430545,-0.48783122018498837,
0.6,-0.7496716555728239,-0.2662659028769422,
0.604,-0.763254802472764,-0.19466746518738753,
0.608,-0.8888120255180919,0.2380175555738584,
0.612,-0.8201667730751968,0.26675985719470807,
0.616,-0.8362805375575709,0.751316245332696,
0.62,-0.9587711848515671,0.6068789470909767,
0.624,-0.7219983939269783,0.2335328879786523,
0.628,-0.8818623890959855,0.5198493682565885,
0.632,-1.068414155658822,0.17544804868235656,
0.636,-0.9029730812872702,-0.1412024958811888,
0.64,-1.084686154378818,-0.5352007710737481,
0.644,-0.92628276096493,0.17148925430512282,
0.648,-0.9060279563982288,-0.3497874116957323,
0.652,-1.1199152667227392,-0.3399043886684882,
0.656,-0.9564733444844156,0.09641268687027299,
0.66,-1.0254435747702846,0.3076492122602299,
0.664,-0.9973169493340498,0.09699813363704532,
0.668,-0.9014809681276794,-0.12662432175646685,
0.672,-1.126119609466466,-0.25155111220626736,
0.676,-1.186107407666733,-0.339672415831477,
0.68,-1.2075221125721498,-0.4416738105469605,
0.684,-1.206626257981214,-0.5298473053564857,
0.688,-1.1378239870473466,-0.48198960092246557,
0.692,-1.0996202944877342,-0.34029633374295865,
0.696,-1.108203117841111,-0.2031974493126983,
0.7,-1.0537705803822168,0.14811004172901268,
0.704,-1.1342535723751597,0.2122647125252045,
0.708,-0.9876848163129679,0.6794084795230094,
0.712,-1.1553828692265935,0.6914851905595161,
0.716,-0.8511521748793265,0.719778038711923,
0.72,-1.0532093064653203,0.8598133670015451,
0.724,-1.1924396408323212,0.9115328570742813,
0.728,-1.20309155590202,0.665956373930926,
0.732,-1.035357648773499,0.11122273511494046,
0.736,-1.0918754655518634,0.04285086601088983,
0.74,-0.9823767061314438,0.22331625999285937,
0.744,-0.9890294376437713,-0.12382081227713748,
0.748,-1.0245510836374334,-0.03056996076127185,
0.752,-1.0812148531938883,0.07938280311540108,
0.756,-1.1256576133325622,-0.16880396498315375,
0.76,-0.9948537990857036,-0.06639425587273176,
0.764,-0.8390097554842608,-0.3913989107341691,
0.768,-0.8761354149315668,-0.43700297225109647,
0.772,-0.9934954882849185,-0.4802415929091959,
0.776,-0.821499721336115,-0.9416815741523394,
0.78,-0.7687431727459184,-0.7667580336344622,
0.784,-0.8627238609067702,-0.8882621061332908,
0.788,-0.7246837440408854,-0.7569003634695828,
0.792,-0.6986607639920428,-0.6605723034325254,
0.796,-0.7819669723037883,-0.26158717015843946,
0.8,-0.5939013546841889,-0.17142762786184687,
0.804,-0.5344956338246312,0.025691929813904987,
0.808,-0.44211174725905744,0.3492519900128698,
0.812,-0.4038959549698044,0.5791144708707032,
0.816,-0.6049892031107711,0.5793550295007474,
0.82,-0.5181104274187174,0.5616018526955584,
0.824,-0.3291645692845826,0.36238599647751146,
0.828,-0.2849411891288194,0.24132912582341992,
0.832,-0.23985705340301386,0.0008198989943685175,
0.836,0.1393984795925972,0.3730793006175744,
0.84,-0.14285114864444326,-0.12826583661803137,
0.844,-0.04008491763942092,-0.04696290173821337,
0.848,-0.011662382340385746,-0.014666513210425822,
0.852,0.004850900802265967,0.27559019822285846,
0.856,-0.044930719939499146,0.1279096798396836,
0.86,0.10940203805144395,0.3474512247437731,
0.864,0.003070311181377114,-0.008545805281683402,
0.868,0.1033719802492869,0.013665898699954791,
0.872,0.12498666560011551,-0.3072860554439033,
0.876,0.22786328527846794,-0.01498307058930054,
0.88,0.49689459740502806,-0.633546146544007,
0.884,0.12397252598567021,-0.45854086477818645,
0.888,0.4240315099821136,-0.3701567940660194,
0.892,0.23819670179195213,-0.2717919531095611,
0.896,0.3956161794029137,-0.15613420068482928,
0.9,0.5942476297594269,0.0980839454984785,
0.904,0.5334518712145923,0.36735873873410296,
0.908,0.4599770667395098,0.5363136364186321,
0.912,0.5359360033775783,0.8212680508071178,
0.916,0.714061586923561,1.0302165478181842,
0.92,0.6105574914204732,0.5431734193712832,
0.924,0.7415285608822743,0.2765525002430986,
0.928,0.7594670910621851,0.28458883610759517,
0.932,0.7234614814972421,0.49893708470156634,
0.936,1.035361107453078,-0.16318311251302148,
0.94,0.9152900667638004,0.10034054351914365,
0.944,0.6788580155674941,0.05884793543646863,
0.948,0.9279945644416794,-0.27999402699039555,
0.952,0.8696140293304726,-0.09703853533783963,
0.956,1.045914073369196,0.0663346270769141,
0.96,0.9047030506139,-0.26505017809146736,
0.964,0.994147994394372,-0.3165611248982795,
0.968,1.0761488640012635,-0.49537747898388923,
0.972,1.1306000579971967,-0.7069565200967717,
0.976,0.9407032040816199,-0.7912626524706516,
0.98,1.0423170046036934,-0.9723642950353948,
0.984,1.0416289904599938,-0.8019533480772809,
0.988,1.0354692660037386,-0.8446007094818111,
0.992,1.2873527109120433,-0.5185156442482575,
0.996,1.1596450801361666,-0.5323005105676383,
1.0,0.9997446294862657,0.049632034832165564,
1.004,1.222667596924448,0.42394550787842733,
1.008,1.3465271393137903,0.254523184631147,
1.012,1.2393929941743846,0.7852132103001481,
1.016,0.9844758451298303,0.9912162171871579,
1.02,1.0867172103802327,0.6073271022173743,
1.024,1.2590541417287808,0.9447568787364045,
1.028,1.0573494680321025,0.6175958618977514,
1.032,1.1668220358522794,0.302373563527834,
1.036,1.1928395896831643,0.2776587092342713,
1.04,1.01427640947083,0.29193005382160364,
1.044,1.0913146168292274,0.18932567510422865,
1.048,0.7621920765040876,0.2631993960825854,
1.052,0.9717373174634618,0.05885475177229185,
1.056,1.0356357236655065,0.21821131028040938,
1.06,0.9217451650678499,-0.06653019723828069,
1.064,1.1943668761088386,0.02594801811525625,
1.068,0.8717433469411672,-0.24756683027313903,
1.072,0.9534735336370073,-0.40816063474874925,
1.076,0.9924214951313772,-0.29660897089839533,
1.08,1.104554087265591,-0.46310066903331726,
1.084,0.7971911395665565,-0.6072673794434046,
1.088,1.0367773042817268,-0.8405330979887641,
1.092,0.9005625763667615,-0.6058252041171194,
1.096,0.7799231825073333,-0.17882236294035628,
1.1,0.9023369552373921,-0.0962995134125038,
1.104,0.853663744285574,0.47624048285042875,
1.108,0.7510059651431766,0.39285949363644374,
1.112,0.7949756436290304,0.49403069367934016,
1.116,0.726187856000186,0.45864650168186505,
1.12,0.7526075428199841,0.4754375194069242,
1.124,0.7838736384227322,0.31388496429822194,
1.128,0.8525889190280016,0.2882002989582314,
1.132,0.5465062059320476,0.17168857315280978,
1.136,0.8599154730342705,-0.21037620743108493,
1.14,0.4277995224410085,-0.35997485687637737,
1.144,0.5843434528324064,-0.44758293754898326,
1.148,0.6350281957547719,-0.06515284264431385,
1.152,0.5811719239189783,-0.2585995675510376,
1.156,0.4679191228246235,-0.3799064668740462,
1.16,0.48676892294917107,-2.6858011017663608e-05,
1.164,0.43598177103068203,0.2633071384753889,
1.168,0.404384829777615,-0.2121213264953007,
1.172,0.5266868716861575,-0.21499064728831005,
1.176,0.45622373169223496,-0.45541034586638457,
1.18,0.33043817594484637,-0.5703465469936445,
1.184,0.469325762192208,-0.43416454650372827,
1.188,0.3901772801316222,-0.5411609481435475,
1.192,0.4212722015730151,-0.29079851744724045,
1.196,0.3839538108935641,-0.04184809005328931,
1.2,0.21956879631172,0.08999773521257007,stimulus_1
1.204,0.22840317698396398,0.6150145870849895,
1.208,0.3415794791845906,0.6679154600379096,
1.212,0.31078919239436725,0.7264120827082265,
1.216,0.23103179615374564,0.9657929128298492,
1.22,0.22868401071062902,0.6980590470598709,
1.224,0.32899572658879006,0.7069596877279656,
1.228,0.12678526183831862,0.526841033533945,
1.232,0.22578458779213376,0.5096821605331509,
1.236,0.1363890532395853,0.262499821428434,
1.24,0.12075419233236766,0.07844653798285575,
1.244,0.23867192463342216,0.1462172416336529,
1.248,0.19794118142773914,0.21165614409087885,
1.252,0.18366283180279203,0.08054653421449705,
1.256,0.2200510588964998,-0.02199940377710167,
1.26,0.07904433294359685,-0.2789760166471508,
1.264,0.13279861279710536,-0.3510621359577467,
1.268,0.021422571968044774,-0.3925815313116143,
1.272,0.07286535594573676,-0.619635713354468,
1.276,0.015553590579894902,-0.7307782095704052,
1.28,0.026471897228776617,-0.8243317555939557,
1.284,0.06454271379404257,-0.8058625231407791,
1.288,-0.08852523010200733,-0.8503486733410222,
1.292,0.19078524002895783,-0.6211841769683007,
1.296,-0.13086086694167592,-0.4565370724329922,
1.3,-0.163573817301099,-0.4865312882121072,
1.304,0.06163572465976862,-0.05079754809012113,
1.308,0.012812187143572781,0.30929423119978394,
1.312,-0.016312025955621492,0.31616555508907795,
1.316,-0.02848246307264511,0.6620153284513234,
1.32,-0.10538846221903166,0.7851257238665315,
1.324,-0.20701908077458614,0.6504990274031234,
1.328,-0.12315393291356766,0.30874783281652374,
1.332,-0.21222830728698844,0.43481961029180816,
1.336,-0.06113919363056554,0.13294290771984527,
1.34,-0.1878795207124766,0.007750753022955428,
1.344,-0.2706498864517049,-0.03503752159996787,
1.348,-0.23558684051434295,0.04772412365173552,
1.352,-0.17794047428585008,0.08312501890000942,
1.356,-0.2918417999705941,0.1977145649398118,
1.36,-0.3343879751604097,0.18437601100019288,
1.364,-0.24496249899755426,0.09293469137790393,
1.368,-0.26247360927890134,0.037357499828329616,
1.372,-0.35577962780316286,-0.0033870562369923973,
1.376,-0.3707795243891545,-0.1943223194391054,
1.38,-0.31953282079431905,-0.678141078957063,
1.384,-0.5070735199215795,-0.8881021415475334,
1.388,-0.5229942862954514,-0.32507533951994927,
1.392,-0.4745180786629473,-0.5388936224896107,
1.396,-0.44487138338347465,-0.16205586213709006,
1.4,-0.41369750030711105,-0.05795990345041274,
1.404,-0.3189011060541315,0.09048995230023249,
1.408,-0.40268144644460985,0.6395833458936188,
1.412,-0.5267865455234934,0.7905594573332753,
1.416,-0.535343710739594,0.6121615374704736,
1.42,-0.6566152316973306,0.2381408433007261,
1.424,-0.581368575665682,0.40008627994209667,
1.428,-0.6317341546839919,0.3566017441706756,
1.432,-0.5941022702600642,-0.10985605126269872,
1.436,-0.7327141606363636,-0.01512793935068784,
1.44,-0.6217384282091658,-0.14782345467341546,
1.444,-0.5440980431256314,-0.10591346173483404,
1.448,-0.7319133500678223,-0.1790187354720734,
1.452,-0.7044458969731467,-0.3283463383478643,
1.456,-0.6990427613458641,0.0015608588573071402,
1.46,-0.8314240799476477,-0.23196045289738798,
1.464,-0.7918854301615039,-0.29011975180941135,
1.468,-0.8357175948194189,-0.5481155357525757,
1.472,-0.8495215578335581,-0.6212353481715722,
1.476,-0.9584724359623967,-0.826591427814785,
1.48,-0.9001117764537525,-0.8147151640095694,
1.484,-0.873601942344755,-0.5503095962948135,
1.488,-0.7985123306710853,-0.9348898962627188,
1.492,-0.8672486821238479,-0.7956177406983872,
1.496,-0.7666690720507402,-0.07824061451306155,
1.5,-1.0767347562888059,-0.03139855157279221,
1.504,-0.9299209279164868,0.19855525283810702,
1.508,-1.0150520113235408,0.7095692341262811,
1.512,-0.8296602335139887,0.6382623938624821,
1.516,-1.1436877835898862,1.0809673253482044,
1.52,-1.159954056264408,0.8904621357219481,
1.524,-1.1478964760259631,0.6206843094888981,
1.528,-1.3111202355075995,0.8783392424826755,
1.532,-1.160826368480365,0.31726810344109946,
1.536,-1.1923818654793723,0.39733837668432065,
1.54,-1.1082975836574498,0.2530749040043178,
1.544,-1.0946359572022952,0.37318605980218655,
1.548,-0.9452335622031188,0.4166126767246585,
1.552,-1.0403729549131853,0.20175641309406112,
1.556,-1.1941600888095842,0.07979450612307049,
1.56,-1.225822492433592,0.2145227987383358,
1.564,-1.08472782612252,-0.0590253781452509,
1.568,-1.2622830972135068,0.190027403075578,
1.572,-0.9418326670082574,-0.2773508436978774,
1.576,-1.0001130781291923,-0.5368211798767804,
1.58,-1.1563977513971202,-0.5990951412427231,
1.584,-1.270549864394131,-0.9007070410089352,
1.588,-0.9519309931287478,-0.8224282890644781,
1.592,-1.0851760395173766,-0.3783018504712415,
1.596,-0.934666663076461,-0.45932115978295146,
1.6,-1.2009441599673116,-0.27459369786078947,
1.604,-1.0828273647137694,0.20883896473227365,
1.608,-1.0021019130881743,0.511717440926742,
1.612,-0.9760292571687675,0.5730663228055978,
1.616,-1.0022202355821275,0.6544211241831129,
1.62,-0.8698251717325449,0.34188712040416075,
1.624,-1.0122075590630641,0.12348383974403163,
1.628,-0.8914904146807642,0.40718404524827123,
1.632,-0.8355380686925505,-0.02021875019269334,
1.636,-0.7649875649324156,-0.13010274082314605,
1.64,-0.712726595333606,0.0389392074346466,
1.644,-0.8624495475901747,-0.08871763017339006,
1.648,-0.8681859586698616,-0.0729683758689539,
1.652,-0.550542742938424,0.23165577511020644,
1.656,-0.6074195940161567,-0.15350061248819513,
1.66,-0.6767060439976003,0.08086237052152498,
1.664,-0.40687853227579807,-0.1020908204049635,
1.668,-0.5095594894809119,-0.1709218479348233,
1.672,-0.36139693047803384,-0.1114939994941713,
1.676,-0.4299130306764328,-0.3915093862050792,
1.68,-0.18714119690716924,-0.4747686871575303,
1.684,-0.17352233525120822,-0.41114991835542336,
1.688,-0.32916091494109506,-0.5523626759466803,
1.692,-0.16176315304160963,-0.4567888146588832,
1.696,-0.1485675600893906,-0.24682414008585485,
1.7,-0.03003881475974529,-0.10474218514738251,
1.704,-0.21688682832216927,0.7746393041455509,
1.708,-0.0050621465422714534,0.528678168683973,
1.712,0.07903685672565686,0.80658581309429,
1.716,-0.15576888012595677,0.8437944413109506,
1.72,-0.05134684453768251,0.8789402489998891,
1.724,-0.09019257885513923,0.8250930960034883,
1.728,0.1333340255610818,0.6572799062845428,
1.732,0.27828074237190004,0.2593362098730773,
1.736,0.40263784964617944,0.1662268294284843,
1.74,0.30522815843310586,0.12458757436787427,
1.744,0.5055559947016663,-0.013751372173923658,
1.748,0.24893903722159708,0.24422684814128282,
1.752,0.2601660805701985,0.07052123100745608,
1.756,0.4677283730674755,0.08667937115386389,
1.76,0.553617525716007,0.0172316085054883,
1.764,0.5529459641341168,-0.015274007873638418,
1.768,0.3894823538061942,-0.319644591852853,
1.772,0.6262650230510747,-0.7227336752239459,
1.776,0.5425553462414352,-0.6427793213596953,
1.78,0.7766080527429786,-0.9305327783972981,
1.784,0.7816938937354388,-0.9646089385567517,
1.788,0.6851389230792584,-0.7518192538188921,
1.792,0.7604807823714348,-0.5084169628271813,
1.796,0.7372861214142991,-0.4630174981441096,
1.8,0.8668342974537032,-0.1438863513691912,
1.804,0.9970249329883056,0.3454350026779692,
1.808,0.8298231832017069,0.36702034148130425,
1.812,1.0041288350137372,0.8878722336423055,
1.816,0.9244407877841504,0.6568524657966245,
1.82,0.9203102623295852,0.29139868514160094,
1.824,1.0093928306846285,0.5806859928142024,
1.828,0.9354200384895643,0.39793802118847693,
1.832,1.0007646607518557,0.4046736028767306,
1.836,0.9518549493785969,0.21161999183002575,
1.84,1.2819512013551329,0.037545251093097004,
1.844,1.1011628107717264,-0.12667185751223298,
1.848,1.0381465104468917,0.06174108803205137,
1.852,1.1383314713793835,0.013773473549799103,
1.856,1.112857777204462,0.0850736141127791,
1.86,1.1075080977411458,0.24857667450580329,
1.864,1.1949120048538033,0.34296346400760624,
1.868,1.2115342542621736,0.031017503839828833,
1.872,1.083444993067317,-0.36136645676021584,
1.876,1.0780774078932482,-0.2700650395222782,
1.88,1.1058030009737585,-0.2759116606927316,
1.884,0.8992852778295672,-0.5964814069601478,
1.888,0.9726862766070604,-0.4853259012067748,
1.892,1.254220898723025,-0.3316585885179134,
1.896,1.2740024624512487,-0.24607579881551847,
1.9,1.075264989700908,0.21479911553506215,
1.904,1.1472267771851128,0.3426447956460599,
1.908,1.108889234665378,0.6212938032489471,
1.912,1.3726891329971505,0.5435623566175615,
1.916,1.1626938983360948,0.6330193525309702,
1.92,1.0228349393494862,0.735154390796625,
1.924,0.9239756819601173,0.4260979743662022,
1.928,0.8418598397298116,0.5568757210453006,
1.932,1.0049572574160917,0.052035256211234136,
1.936,0.8902746446067342,-0.008929218454773527,
1.94,0.8042368642749066,-0.005638352516500744,
1.944,0.8616727938109418,-0.40556204661495254,
1.948,0.7974202449963014,-0.4610771125313129,
1.952,1.052973012412419,-0.41123444440114465,
1.956,0.9506069280280304,0.011462749121710497,
1.96,0.8393910849860196,-0.2909597388272109,
1.964,0.9655497829920063,0.09770582196731364,
1.968,0.8023403157618563,-0.4927624816901991,
1.972,0.6852627035373258,-0.5270603150132854,
1.976,0.9002878906169469,-0.46255452782556405,
1.98,0.7783033584781099,-0.4878593217971839,
1.984,0.5970313364672301,-0.49784033182070625,
1.988,0.658024882786044,-0.5478497902340418,
1.992,0.5658095033515245,-0.3999741521451511,
1.996,0.4914622484184359,-0.21003712125692092,
2.0,0.6988355374022708,0.11675416142498968,stimulus_2
2.004,0.7737837185963253,0.21623830618780737,
2.008,0.4197998914144865,0.4308536985035157,
2.012,0.5929975600201363,0.7285985562113655,
2.016,0.44894619125348073,0.7815381749374257,
2.02,0.4429072480874219,0.7207890476219634,
2.024,0.41032015453846343,0.7983291378292574,
2.028,0.36145867530019776,0.6980387917784234,
2.032,0.43139165944244856,0.42138637483537333,
2.036,0.3225318906812755,0.5076535830412174,
2.04,0.41218476997819103,0.03692764982331709,
2.044,0.36006833457930265,0.14887594750040947,
2.048,0.3216043325731696,0.07486264912521041,
2.052,0.2356137270117713,-0.08302470182676402,
2.056,0.25003489578933713,0.18040508379859374,
2.06,0.3650680934194389,0.1272648510399777,
2.064,0.321913713710431,0.26964938880388123,
2.068,0.15683375065253605,-0.017358931370192593,
2.072,0.24775937426187203,-0.45145916700966315,
2.076,0.2966638747437669,-0.20390906222984045,
2.08,0.03873567566553068,-0.44364213279365217,
2.084,0.24460256224050292,-0.6113234420591882,
2.088,0.10901858347624502,-0.7106587981153598,
2.092,0.21776171411067202,-0.7022798221714214,
2.096,0.07018342039347915,-0.4166180343479083,
2.1,-0.04780679137924698,0.04575524249713479,
2.104,-0.04356015563967075,0.4110289977433791,
2.108,0.11082997617428014,0.5653483469681145,
2.112,0.11910828112624905,0.3918959129378984,
2.116,-0.00992304131118997,0.3370713563188891,
2.12,0.1319679985722643,0.4765393207262585,
2.124,-0.11024729619745587,0.07148953492088511,
2.128,0.03725575502061247,0.23045915458265237,
2.132,-0.08914941708421403,0.006042837688823553,
2.136,-0.04504780705581112,-0.16238326363513286,
2.14,0.013119590896238195,-0.3994953739327358,
2.144,-0.08939250588247241,-0.0951121155980309,
2.148,-0.05354769543453822,-0.22125666763047802,
2.152,0.07375087755317992,-0.268582101981499,
2.156,-0.09643411628358949,-0.48781220992342045,
2.16,0.032842943791665455,-0.062440884448254685,
2.164,-0.1758270436534306,0.1551949503609265,
2.168,-0.022187935201973992,0.0379781924178664,
2.172,0.056462426441719726,-0.40932870194400217,
2.176,-0.3476300976252649,-0.5580165587028012,
2.18,-0.1932012433503752,-0.48519696060372247,
2.184,-0.06915368412095485,-0.7217838348301349,
2.188,-0.16084433579195814,-0.4523509815423253,
2.192,-0.11745865197764069,-0.21599532280031286,
2.196,-0.22938262325373016,0.09393722259995349,
2.2,-0.17513421668529286,0.1751881917870473,
2.204,-0.21458682693285797,0.4356571721279639,
2.208,-0.09789987924035283,0.5624620355287457,
2.212,-0.20534186462498996,0.7157418035261846,
2.216,-0.2135876802375432,0.8513446025090594,
2.22,-0.3055663758514395,0.8879340703509435,
2.224,-0.33064263414230594,0.8397702080575772,
2.228,-0.3431168146065883,0.4077320404285153,
2.232,-0.2788705918067944,0.5707011110023419,
2.236,-0.37934213376911907,0.15062654634005093,
2.24,-0.3276614184115685,0.07899548764236143,
2.244,-0.1689526455135308,-0.08852945511856648,
2.248,-0.30968091822674493,-0.36051102730265966,
2.252,-0.4501284527713948,0.12948179771587548,
2.256,-0.3185516423988259,0.086974287810258,
2.26,-0.5010208930650145,-0.1243997153623492,
2.264,-0.685935691307544,-0.1812464789127014,
2.268,-0.605184538089593,-0.26940694300277956,
2.272,-0.7140208836093993,-0.762590761563544,
2.276,-0.5849394314086453,-0.7820904157245302,
2.28,-0.5710379718432547,-0.7136895423852414,
2.284,-0.4285351894691647,-1.0734598497696752,
2.288,-0.5869521428460533,-0.7957401668071704,
2.292,-0.6651447264792749,-0.8976466942357437,
2.296,-0.583962364317524,-0.3962437372895129,
2.3,-0.9117155409001703,-0.19555752560366793,
2.304,-0.6907207600839471,-0.15216701140316638,
2.308,-0.6608053403188853,0.5056182677265875,
2.312,-0.9092360776982819,0.38743102999553447,
2.316,-0.670308455687922,0.4504881533997339,
2.32,-0.7739048232362779,0.5855984785996164,
2.324,-0.8720601342281497,0.6399803520628411,
2.328,-0.7896772626595799,0.18839099060930461,
2.332,-0.6478975115725163,0.22046266724152633,
2.336,-0.8783180285424425,0.17496526418911992,
2.34,-0.8926856765349866,0.16227948978013806,
2.344,-0.9838504950366644,0.08343911122275442,
2.348,-1.042647316512603,0.03804040076245477,
2.352,-0.8936578493277848,0.01721300858388307,
2.356,-1.0805469778086718,0.18507371404044287,
2.36,-1.005186755871666,-0.0005309379551250715,
2.364,-1.0766112157378944,-0.3457247841692928,
2.368,-0.9964874613951732,0.037300744990044835,
2.372,-1.0255387561561509,-0.04639377129200367,
2.376,-0.9685930119260586,-0.6911953050865705,
2.38,-1.1356576709775552,-0.6068659893960668,
2.384,-1.1227657024623694,-0.41214083216146025,
2.388,-1.203537974360088,-0.15659900574908625,
2.392,-1.1586856867706279,-0.3307427615759763,
2.396,-1.0837848519511868,-0.23754149303755998,
2.4,-1.0516932303183604,0.09012258429276272,
2.404,-1.2240619549414498,0.5670184808094478,
2.408,-1.0478745776291956,0.4614693097942187,
2.412,-1.0007607689517475,0.5568073822903338,
2.416,-1.0949364032461524,0.6262265692521785,
2.42,-0.946991154390865,0.4837978958836522,
2.424,-1.2088489161040545,0.5004234945791901,
2.428,-1.2511195471558072,0.5415329121307215,
2.432,-1.2980750014124642,0.1604425750208351,
2.436,-0.9624959606794984,-0.08048495263650304,
2.44,-1.0368972403458663,-0.189298667634793,
2.444,-1.0964530337457217,-0.42728580797949567,
2.448,-1.0497810893790398,-0.06448932416212388,
2.452,-1.1755321295341847,-0.19406157676755112,
2.456,-0.801938476355081,-0.2049968534309607,
2.46,-1.01545452775237,0.27078511823338713,
2.464,-0.9976440788739367,-0.24121113462807414,
2.468,-0.914573245472724,-0.520893999405864,
2.472,-0.9159943374165811,-0.6186966499236757,
2.476,-0.9170548290697639,-0.5216041643312284,
2.48,-0.9922688966847879,-0.7717826934403906,
2.484,-0.838314684049132,-1.0228075650637698,
2.488,-0.6679964993448995,-0.5912203846367375,
2.492,-0.6909310866531082,-0.6538051438477165,
2.496,-0.6340083945427332,-0.01792149720447378,
2.5,-0.8109291887784502,0.1620072098571962,
2.504,-0.8239255971118356,0.23181787928826472,
2.508,-0.7014320035612603,0.7457359852771345,
2.512,-0.6459568041393435,0.7392830514021165,
2.516,-0.5036341732698997,0.9349819195844966,
2.52,-0.7427351474347645,0.861483177615225,
2.524,-0.37994649195795926,0.5669175224621247,
2.528,-0.5071614832680892,0.45821053564522296,
2.532,-0.4916256734849996,0.5626194645287759,
2.536,-0.5069162937528158,0.23580777106694478,
2.54,-0.5272270910527118,0.14763374745704816,
2.544,-0.23480502216937454,0.034656479489964004,
2.548,-0.26459558620734835,0.24592585705464803,
2.552,-0.35523451293402347,0.5063345286206677,
2.556,-0.3096454903646533,0.032677249536856884,
2.56,-0.1672869372761575,0.1491598957983818,
2.564,0.0798667745036789,0.2544650106298746,
2.568,-0.06616252603362749,-0.12392689274027108,
2.572,-0.14361227263197146,-0.22997537392282735,
2.576,0.02902088820117369,-0.6413819764019864,
2.58,0.07311813262384151,-0.5625511225413109,
2.584,-0.12268612970254109,-0.7267097373301643,
2.588,0.18791696072057057,-0.5288266839359015,
2.592,0.21624461057300057,-0.38025602892818344,
2.596,0.35451479799863117,0.027647528365546514,
2.6,0.5148282932350345,-0.030612074476449036,
2.604,0.4870294581649501,0.17721049934048905,
2.608,0.39124702776705617,0.3630194629638903,
2.612,0.3504916430593368,0.4122483822842279,
2.616,0.7606586794405775,0.5557865478314942,
2.62,0.5505200719202984,0.4110961721687308,
2.624,0.5862930804054258,0.3620245861957518,
2.628,0.621747862210117,0.37962362779612535,
2.632,0.6821220156255696,-0.12279815915832548,
2.636,0.6848611808115161,0.0785039958144571,
2.64,0.6776858510642961,0.03727734625826887,
2.644,0.7148359825249418,-0.1898624106321495,
2.648,0.7993785675639612,-0.4596297765324836,
2.652,0.7800563014251506,-0.18426787468911904,
2.656,0.7934262123686818,0.13757630405299429,
2.66,0.9041909076708635,-0.06174385803549436,
2.664,0.8953740766190759,-0.26053812398377296,
2.668,1.0970474291155674,-0.2869269279485489,
2.672,0.7057494282939404,-0.21467125948038385,
2.676,1.102590832797229,-0.38567471441831336,
2.68,1.139015403925022,-0.591352913890431,
2.684,0.8263891922447826,-0.6270496807240958,
2.688,1.0171210490370661,-0.5563834888718153,
2.692,1.0302373231170994,-0.4692688922327865,
2.696,0.9409456656120939,0.15220359243772885,
2.7,1.0165522805044063,0.1418632328773461,
2.704,0.9942370482246627,0.6487820127783394,
2.708,1.289811780831474,0.9223568313306021,
2.712,1.215781863438885,0.9895204913543485,
2.716,1.2553516122880557,0.820573389386581,
2.72,1.2047155483756498,0.8933887578790163,
2.724,1.0223866040856338,0.6991031731639483,
2.728,1.0839990001648243,0.3926536039210431,
2.732,1.1849915940479998,0.3954517179166518,
2.736,1.0119197217976927,0.014439117822462239,
2.74,1.2020205473382126,0.26035249006385897,
2.744,1.101823838466379,-0.046140297841150577,
2.748,1.0820979798195138,0.03329896011920708,
2.752,1.1830310247363343,0.039368168993641414,
2.756,1.1473934614472834,-0.06238804280921644,
2.76,1.0566279999521848,0.005803488426671541,
2.764,1.1971909337360085,-0.2625306349898145,
2.768,0.960513306259729,-0.21610323103981005,
2.772,1.1164575718300487,-0.7301058350675796,
2.776,1.0993571767280201,-0.6837755771906122,
2.78,0.993271539167154,-0.5419898944697741,
2.784,1.0400733750610303,-1.0353661349851246,
2.788,0.8646970628479287,-0.9414356022108904,
2.792,1.0637344564295985,-0.6170732460934127,
2.796,0.933601009880088,-0.439270967363596,
2.8,0.879876086071043,-0.13761678836800467,
2.804,1.0164659357463477,0.16348083050481482,
2.808,0.8199684922114308,0.4261155848422824,
2.812,0.7278773585809011,0.6640747428086671,
2.816,0.6909251236115532,0.6334988174911669,
2.82,0.8846580540326808,0.5193244508222022,
2.824,0.6731473438515491,0.5685708048289413,
2.828,0.9535258644025317,0.625746553690341,
2.832,0.5464901867172811,0.19131562780694236,
2.836,0.900802170798444,-0.035536606561063444,
2.84,0.7286230944189205,0.22437574908370958,
2.844,0.6741592452771259,0.03891570333813191,
2.848,0.6056433871542861,-0.23280585527715317,
2.852,0.6763983108698366,0.2684647932537535,
2.856,0.6091622875689445,0.09185290369039975,
2.86,0.6998333745927953,0.14670992149709122,
2.864,0.5776820677997134,0.14227483794024726,
2.868,0.5582640910376324,0.00039172633325148046,
2.872,0.4841029958090535,-0.07556622488408064,
2.876,0.4922901372586864,-0.4020783953407744,
2.88,0.506607244446388,-0.378440513963166,
2.884,0.2830033311758559,-0.5439459729498283,
2.888,0.29777140197479623,-0.3544017540727125,
2.892,0.48588577335041294,-0.2415566951253475,
2.896,0.4080349525591654,-0.268656857159874,
2.9,0.3523757041131092,0.2804543678847513,
2.904,0.35289357161362306,0.28039250117011777,
2.908,0.3665458962685297,0.679572606405074,
2.912,0.25901858673172073,0.7317792802980768,
2.916,0.21684507011417575,0.9743656490987505,
2.92,0.296417129276562,0.5932772897666874,
2.924,0.16162745771718817,0.4296254277622392,
2.928,0.2833933508063503,0.2949182024771411,
2.932,0.05587760805562225,0.06650371662828491,
2.936,0.3130746109276954,0.07735935797374621,
2.94,0.24188506697363932,-0.3879735685629516,
2.944,0.2051232380029555,-0.350859549546951,
2.948,0.2630960470267052,-0.3571262289710756,
2.952,0.3170735791499416,-0.039839858419594254,
2.956,0.23803341904764613,0.07866713949492243,
2.96,-0.06107309096169597,-0.22384839972396411,
2.964,-0.01820315087440208,-0.3113473293614186,
2.968,0.03430809916487107,-0.3976175174246122,
2.972,0.086700981034879,-0.38046126510162026,
2.976,0.1233960840698335,-0.8329739908393302,
2.98,-0.013200891836276901,-0.7530179076108386,
2.984,0.06596599659685037,-0.660786223848802,
2.988,-0.040194014377172335,-0.6539405993320377,
2.992,-0.03764754757060126,-0.5251462885270718,
2.996,-0.12893161650592325,-0.14875924975203006,
3.0,-0.09232332461109152,-0.40548484394991013,
3.004,-0.1469029537405331,0.4005974615667207,
3.008,-0.1210915580263276,0.45547217854775685,
3.012,0.07001990080262328,0.4545097902945384,
3.016,-0.1422292090323376,0.883746258244912,
3.02,0.20386471700466866,0.9948220367955036,
3.024,-0.02229839193483303,0.6732537435165976,
3.028,-0.06560826364430901,0.6976741925732983,
3.032,-0.18262573495256113,0.6499670805898944,
3.036,-0.03972355785826974,0.48326123892053013,
3.04,-0.1805781147952468,0.4541756963490554,
3.044,-0.12439543108129782,0.2892439900531507,
3.048,0.1054823191231947,0.1937010430508687,
3.052,-0.17443293860461967,-0.0433390810503792,
3.056,-0.06459293194300131,0.15589781345550696,
3.06,-0.2649429612449247,0.019039988000039088,
3.064,-0.21365789624482823,0.368273334942241,
3.068,-0.049055904915856374,-0.13836355591826646,
3.072,-0.305264781013681,-0.279350422342617,
3.076,-0.0782198796789996,-0.39930014077388887,
3.08,-0.20605741022124746,-0.6202568201665906,
3.084,-0.35092222024383496,-0.44438044151486755,
3.088,-0.24975378085710587,-0.7700835875480476,
3.092,-0.23453228076969082,-0.5291728183773253,
3.096,-0.2888691820853653,-0.47215760579194543,
3.1,-0.5277965097374241,-0.31556042714161703,
3.104,-0.46366212632885934,0.036575688217378347,
3.108,-0.43631122750329326,0.3283062981700335,
3.112,-0.44003328709537354,0.40082799252824397,
3.116,-0.3919529606864521,0.4011508243311626,
3.12,-0.4580569674638582,0.24445876413880846,
3.124,-0.6315191355018048,0.3242896038610021,
3.128,-0.4824444319298442,-0.04372405864970441,
3.132,-0.4821753403630637,0.1421916201870572,
3.136,-0.510280258140407,-0.080111825414714,
3.14,-0.4814251138356822,-0.3789226387624527,
3.144,-0.5295335423565404,-0.2185334931409684,
3.148,-0.5905666915117873,-0.25417500251978037,
3.152,-0.6671518669810473,-0.04521840006207795,
3.156,-0.8499266498157658,0.1440946889722988,
3.16,-0.6645595257854016,-0.33958951913752383,
3.164,-0.7103877652531305,-0.09338887726741556,
3.168,-0.7275252437861176,-0.23523060909931742,
3.172,-0.9057213037861276,-0.24006325198848102,
3.176,-0.9092959331420052,-0.4357052554128717,
3.18,-0.718741773564828,-0.6683084987758031,
3.184,-0.8505435563496105,-0.6198841093018843,
3.188,-0.8005734184799961,-0.6170236450357641,
3.192,-0.8875710236526619,-0.16950629376823942,
3.196,-0.9085893992130855,-0.08690601368188955,
3.2,-0.8383200075253484,0.4753899061219729,baseline_end
3.204,-1.0036956963461254,0.45710911258232745,
3.208,-0.9617196768148111,0.5878984085056695,
3.212,-1.0360359493569644,0.612716697740233,
3.216,-1.050909695580051,0.614845484855897,
3.22,-1.055143395445418,0.595208852877699,
3.224,-1.0178336737678115,0.7428015117743059,
3.228,-1.1027388733019707,0.6045176365150681,
3.232,-0.9430440264623675,0.1096192203535869,
3.236,-1.1707186836215349,0.32555083360786097,
3.24,-1.1114117809502293,0.009741424042108648,
3.244,-1.1469402361260979,0.04557124855143942,
3.248,-0.9672372394806124,0.24495810597659406,
3.252,-1.0999245829233166,0.13140088564154911,
3.256,-1.022671924335329,-0.0638318939394811,
3.26,-1.2792767416246709,-0.21587941560691265,
3.264,-1.1074274760999616,-0.5140673966958205,
3.268,-1.0470910583628645,-0.45467082354476424,
3.272,-1.1282226278652592,-0.5598784188547057,
3.276,-1.0287437437008216,-0.850809443195254,
3.28,-1.1842771869813633,-0.852517789392365,
3.284,-0.9872613587700816,-0.8737886538504728,
3.288,-0.8923242117622132,-0.8735022539033718,
3.292,-1.1508685925330775,-0.7916598106657645,
3.296,-1.149844884911322,-0.4409100338595208,
3.3,-0.9489955015517231,-0.12392020582365244,
3.304,-0.9237396205108039,-0.07345710063375513,
3.308,-1.1196674124320045,0.5425472215199395,
3.312,-1.0934084901546857,0.4828315466725956,
3.316,-1.0619066763716472,0.5748534623936182,
3.32,-1.1488519357786855,0.6617452625034637,
3.324,-1.0853053422534011,0.5026671693380521,
3.328,-1.071260485808447,0.48373475854306147,
3.332,-1.0234278867677098,0.2542793145445969,
3.336,-0.924340287099838,0.018777182943475176,
3.34,-0.87012641164802,0.11253917747157885,
3.344,-0.7096607413549887,-0.11458605316692844,
3.348,-0.9342341826124043,0.1093785324914299,
3.352,-0.7042216547379007,0.1363670430845227,
3.356,-0.7909207610715299,0.140934602992606,
3.36,-0.7399984227175609,0.14100928712687358,
3.364,-0.6318152727872478,-0.1897995684697405,
3.368,-0.7745857417050117,-0.11049196179475664,
3.372,-0.5859193963027098,-0.1680572622837549,
3.376,-0.568254930392823,-0.31277698095569123,
3.38,-0.4953531021180321,-0.6095576548284737,
3.384,-0.474405834724807,-0.31515779518253484,
3.388,-0.2156142199424117,-0.5951495534380113,
3.392,-0.4819098952476681,-0.18844323764828955,
3.396,-0.42747265071035334,-0.06426189757242498,
3.4,-0.3922467363829737,0.02062295398190249,
3.404,-0.340441873433312,0.6270836518286564,
3.408,-0.3030767763245173,0.3793184118994145,
3.412,-0.07444479426159373,0.8145593093293799,
3.416,-0.004952109792627668,0.8487254452859276,
3.42,-0.15746511897355325,0.5262041557609681,
3.424,-0.13683075192018807,0.6908927421896165,
3.428,0.040439532958804196,0.2603241661704531,
3.432,-0.015018913530827169,0.15528472844540253,
3.436,0.15032855980081442,-0.003583651501867312,
3.44,0.15400076943227758,-0.16567328851804777,
3.444,0.028563201658571374,-0.07118594570102924,
3.448,0.38098894309292713,-0.07793248265136356,
3.452,0.45151515023574373,-0.4446657932013575,
3.456,0.2558432115171302,0.01772617003935653,
3.46,0.32297126787253927,-0.4575548151486959,
3.464,0.4342923952992922,-0.13114214023167078,
3.468,0.4823832454889628,-0.239119571367456,
3.472,0.5572151206774759,-0.7183879750251146,
3.476,0.7339219777806583,-0.7554931639039344,
3.48,0.5557939617138802,-0.9546289552939404,
3.484,0.5332236006631516,-0.8393040228594779,
3.488,0.5135973725667627,-0.775309867450872,
3.492,0.6157603075571059,-0.4366344511764793,
3.496,0.7216524177986,-0.10236985171915558,
3.5,0.9392634074871127,0.20935257161847656,
3.504,0.7415659273030578,0.2145909596503437,
3.508,0.8478518864324979,0.5222002499551726,
3.512,0.8545566593851296,0.4765889959898679,
3.516,1.0043008471075416,0.6861853583417349,
3.52,1.1659146937276206,0.9335009999856755,
3.524,0.8863563542056467,0.9362084442429836,
3.528,0.9151513163384317,0.36959067971086457,
3.532,1.0915659955695016,0.3192557030186594,
3.536,1.0767727072970585,0.28206320733909396,
3.54,1.2130473785234974,0.2502051907662861,
3.544,1.104906492849361,0.05648433840412073,
3.548,1.027054015725642,0.24599515388524343,
3.552,1.1368434350802534,0.1258798886735597,
3.556,1.2017649247129678,0.19063934604325805,
3.56,1.184382024101009,0.22746961449802067,
3.564,1.1628277949391472,0.04359526778920824,
3.568,1.2268704454809523,-0.17743856763240345,
3.572,1.2435836358692334,-0.31427261394915096,
3.576,1.2696858952974501,-0.4952773910607611,
3.58,1.1995417244056361,-0.6822988416047688,
3.584,1.119568085536837,-0.737457506979547,
3.588,1.1509959234755747,-0.4368891077121685,
3.592,1.2554860662905971,-0.47422601947171994,
3.596,1.0501518554249634,-0.4051090656416074,
3.6,1.1642594228701852,-0.01301388978189312,
3.604,1.0821810200229356,0.07826812838977672,
3.608,1.1171308430564977,0.5098305133652736,
3.612,1.2335067890425868,0.5206696550355501,
3.616,1.1148881157350221,0.4889186497116069,
3.62,1.0892996859076944,0.522563922561123,
3.624,0.936361392253856,0.1011240169450281,
3.628,1.1335303232875669,0.01296887711847114,
3.632,1.108933862083919,-0.1509055253262447,
3.636,1.2451709433919278,-0.07103632414033662,
3.64,0.981565556098304,0.0995873360800486,
3.644,1.0168536279841778,0.16254289034540742,
3.648,1.0016297993532837,-0.04564387646508003,
3.652,1.1154082075424698,-0.017967905383289726,
3.656,0.9283848518439436,-0.32713153805408274,
3.66,0.9454098877420528,-0.13971471865076818,
3.664,0.9572943050199446,-0.22881035192576807,
3.668,0.8936277096685904,-0.30433782950199095,
3.672,0.8083120878151542,-0.3659858362437747,
3.676,0.8499403421278988,-0.5384983363030988,
3.68,0.9151176389716952,-0.8524080705713398,
3.684,0.6820323300675074,-0.4598394805342627,
3.688,0.7746744205349839,-0.6585312203762219,
3.692,0.6678797782136632,-0.2950203349413515,
3.696,0.8337868787872864,0.22100963947982033,
3.7,0.5382833195210026,0.05230361452106427,
3.704,0.6110107377087125,0.08666510624257734,
3.708,0.680955861104839,0.6512587902602051,
3.712,0.7761972831459022,1.0049178018819453,
3.716,0.5896038945893927,1.1790685544273771,
3.72,0.5173598570928885,0.6483968051606587,
3.724,0.737903789948572,0.7772373976080751,
3.728,0.38214030146518774,0.45841231451356534,
3.732,0.2844953113358428,0.3309055725127842,
3.736,0.5261246827950903,0.5879465885489977,
3.74,0.4100079333275969,-0.14324496746465087,
3.744,0.33654975290214767,0.06161324597779516,
3.748,0.4883617442845446,0.07327898750309461,
3.752,0.4211734599470327,0.15974293700262104,
3.756,0.32008486230440064,-0.008854823732973314,
3.76,0.22860846423411918,-0.035993000869006656,
3.764,0.424489418515106,-0.25004237160969456,
3.768,0.38333592384048903,-0.30642878447163957,
3.772,0.28994340944668673,-0.5796877243551678,
3.776,0.466545711339822,-0.6094967306441712,
3.78,0.15737020260657641,-0.8882707947350574,
3.784,0.09479542935258842,-0.8287513772089603,
3.788,0.16159314196698582,-0.8441632786849156,
3.792,0.21011948377078282,-0.5252518859264158,
3.796,0.2233530483259182,-0.47391729319279685,
3.8,0.15966958964694886,-0.45616617349009003,
3.804,0.20418964423357694,0.2793909860897771,
3.808,0.029419296895726282,0.1950475194286113,
3.812,0.28491625759498396,0.39955481571791324,
3.816,0.11864577899975112,0.48267682484536806,
3.82,0.2252413009621387,0.761678812990602,
3.824,0.1347381822503056,0.1473336175517338,
3.828,0.13336975753944713,0.8114265435050712,
3.832,0.13214508101672187,0.36961921112422885,
3.836,0.1076272141893988,0.1441286262589107,
3.84,0.11499854340160234,0.05007954859822055,
3.844,0.17166018234451627,0.09980598915982039,
3.848,0.04653052033841041,0.17126294088185134,
3.852,0.08599251677040545,0.23813387957369941,
3.856,-0.005622400074646234,0.2554928014840049,
3.86,0.13563199778034976,0.1737270160310046,
3.864,-0.0877750339303318,0.06287702530880443,
3.868,0.1481418403990492,-0.05087421818164237,
3.872,-0.04787952994977852,-0.2112202395078282,
3.876,-0.19898222024124568,-0.16668992522524498,
3.88,-0.05529831120344803,-0.36637287534744356,
3.884,-0.14861378694673977,-0.9460722665118815,
3.888,-0.009071676055228503,-0.36683820972638187,
3.892,-0.17128387943838191,-0.30465138851948004,
3.896,-0.16381243147012353,-0.13114736532008398,
3.9,-0.3216354917817589,0.059279282495143214,
3.904,-0.19173996797263854,0.5294039259351391,
3.908,-0.4030897799142527,0.7004929059813212,
3.912,-0.3336712417194039,0.5607545331143365,
3.916,-0.11422507738808059,0.7596959406481624,
3.92,-0.12709618791258656,0.4810486769412717,
3.924,-0.17897940622809252,0.27508022246163627,
3.928,-0.33452375803187284,0.20382355967179888,
3.932,-0.2593604107465902,0.24133970491083562,
3.936,-0.2721822488570519,0.100336829488857,
3.94,-0.4053654397561186,-0.06856416428287194,
3.944,-0.1573721986694576,-0.08404281864779632,
3.948,-0.2386338641583651,-0.1195290476669528,
3.952,-0.3675955546427794,-0.27860823649907474,
3.956,-0.3624035616247633,-0.11313648469127525,
3.96,-0.36430080660545316,-0.0881195881591872,
3.964,-0.6098003891648084,-0.17288037141088614,
3.968,-0.45125723490002684,-0.22978833617040112,
3.972,-0.5160561770679594,-0.4484974334126771,
3.976,-0.5697215479518433,-0.6411537895795136,
3.98,-0.519729815752487,-0.628250719273589,
3.984,-0.33424179548071264,-0.8110440572035233,
3.988,-0.47261635022437815,-0.861385922507179,
3.992,-0.6167745477746818,-0.578043575608442,
3.996,-0.5255837764136965,-0.4106515603580828,
